{
  "Camera Matrix": [
    [
      929.7741514690784,
      0.0,
      485.30477059188956
    ],
    [
      0.0,
      928.8631929006169,
      356.47846127746334
    ],
    [
      0.0,
      0.0,
      1.0
    ]
  ],
  "Distortion Coefficients": [
    [
      0.006260811154358853,
      -0.3240002877143086,
      0.0014678147743798081,
      0.0027738262197928693,
      1.2753578488748216
    ]
  ],
  "Rotation Vectors": [
    [
      [
        -0.5182929486938654
      ],
      [
        -0.20851838242861098
      ],
      [
        -1.7824316636755544
      ]
    ],
    [
      [
        -0.4028017037570912
      ],
      [
        0.08132194703638326
      ],
      [
        -0.8028041123713688
      ]
    ],
    [
      [
        -0.08614882219575014
      ],
      [
        0.050463870007647314
      ],
      [
        -0.9893427047758545
      ]
    ],
    [
      [
        -0.3062956453077298
      ],
      [
        0.21866442511681197
      ],
      [
        -1.747138041141258
      ]
    ],
    [
      [
        -0.5369384577250431
      ],
      [
        0.10477989131366286
      ],
      [
        -0.7873098574150817
      ]
    ],
    [
      [
        -0.3428891528914444
      ],
      [
        -0.03432707527007879
      ],
      [
        -1.3259534006224414
      ]
    ]
  ],
  "Transformation Vectors": [
    [
      [
        0.49068795199812537
      ],
      [
        53.21589087541089
      ],
      [
        371.19269694321594
      ]
    ],
    [
      [
        -37.544403324916495
      ],
      [
        -31.881162544403168
      ],
      [
        579.6343973454211
      ]
    ],
    [
      [
        -86.75537903218522
      ],
      [
        17.132632060629586
      ],
      [
        413.6795429676141
      ]
    ],
    [
      [
        -52.09463982902811
      ],
      [
        41.91865773486587
      ],
      [
        471.36949532135577
      ]
    ],
    [
      [
        -3.5617093195939318
      ],
      [
        -14.94756409045384
      ],
      [
        452.13071213904055
      ]
    ],
    [
      [
        -132.42359393486242
      ],
      [
        40.28811125190531
      ],
      [
        447.01231155905873
      ]
    ]
  ]
}