{
  "Camera Matrix": [
    [
      874.0816417042173,
      0.0,
      472.1795253918752
    ],
    [
      0.0,
      874.0068666654862,
      356.11978666258744
    ],
    [
      0.0,
      0.0,
      1.0
    ]
  ],
  "Distortion Coefficients": [
    [
      0.052521706070571224,
      -0.7416173566830964,
      0.00010767722568519066,
      0.003069730958575472,
      2.2838296961661655
    ]
  ],
  "Rotation Vectors": [
    [
      [
        0.057141752418905456
      ],
      [
        -0.10292458036156932
      ],
      [
        1.4279853421207935
      ]
    ],
    [
      [
        -0.06571258077322993
      ],
      [
        -0.27437422997949407
      ],
      [
        1.4510640790078795
      ]
    ],
    [
      [
        -0.254159056138606
      ],
      [
        -0.40796592173481105
      ],
      [
        1.321186463329412
      ]
    ],
    [
      [
        -0.19029079210421465
      ],
      [
        -0.1594658640415192
      ],
      [
        1.226776954786949
      ]
    ],
    [
      [
        -0.010355461122355556
      ],
      [
        -0.04857147519712457
      ],
      [
        1.4070112314418566
      ]
    ],
    [
      [
        -0.09534171454844864
      ],
      [
        -0.15138670419926778
      ],
      [
        1.3659680133751628
      ]
    ],
    [
      [
        -0.1693279427190534
      ],
      [
        -0.22616284178715051
      ],
      [
        1.441459666454927
      ]
    ],
    [
      [
        -0.004962152747368227
      ],
      [
        -0.2635563687260179
      ],
      [
        1.4166261265643458
      ]
    ],
    [
      [
        0.016863338696011705
      ],
      [
        -0.2957335553952921
      ],
      [
        1.3927601073778468
      ]
    ],
    [
      [
        -0.005573743491225679
      ],
      [
        -0.18210114218814805
      ],
      [
        1.3979793352613963
      ]
    ],
    [
      [
        0.008692354307947903
      ],
      [
        -0.19039902844904777
      ],
      [
        1.3999727193195965
      ]
    ],
    [
      [
        -0.08935686732861137
      ],
      [
        -0.3146512288526702
      ],
      [
        1.39193694404033
      ]
    ],
    [
      [
        -0.18037912597421782
      ],
      [
        -0.3914248631445671
      ],
      [
        1.3531067014670135
      ]
    ]
  ],
  "Transformation Vectors": [
    [
      [
        55.784038313003414
      ],
      [
        -71.56499549987069
      ],
      [
        381.986942418371
      ]
    ],
    [
      [
        20.729952219651853
      ],
      [
        -89.64320107183659
      ],
      [
        351.59434317887536
      ]
    ],
    [
      [
        -26.347002192848155
      ],
      [
        -33.84294345157065
      ],
      [
        355.150577859303
      ]
    ],
    [
      [
        -9.497045692986797
      ],
      [
        -37.64642159618506
      ],
      [
        383.9135827222056
      ]
    ],
    [
      [
        17.52271570978935
      ],
      [
        -41.43514387208337
      ],
      [
        319.781830232787
      ]
    ],
    [
      [
        14.811077524861625
      ],
      [
        -38.147692621797475
      ],
      [
        341.74011175748524
      ]
    ],
    [
      [
        19.13275725314748
      ],
      [
        -58.182359233973195
      ],
      [
        325.4653019523113
      ]
    ],
    [
      [
        87.90025167170906
      ],
      [
        -52.76495388536578
      ],
      [
        337.5938793280286
      ]
    ],
    [
      [
        77.59234667478682
      ],
      [
        -74.67875568417253
      ],
      [
        339.15221894298594
      ]
    ],
    [
      [
        110.5321510896756
      ],
      [
        -47.23012750602649
      ],
      [
        346.76393909651233
      ]
    ],
    [
      [
        113.66880106240706
      ],
      [
        -46.958819282615686
      ],
      [
        342.28797949418475
      ]
    ],
    [
      [
        51.60147864003945
      ],
      [
        -49.7417530106132
      ],
      [
        353.07237284208713
      ]
    ],
    [
      [
        1.5742634897083885
      ],
      [
        -46.01840954630572
      ],
      [
        353.25106713973986
      ]
    ]
  ]
}