{
  "Camera Matrix": [
    [
      6293541.15251564,
      0.0,
      914.4999305029446
    ],
    [
      0.0,
      6291919.211124244,
      664.4998805109356
    ],
    [
      0.0,
      0.0,
      1.0
    ]
  ],
  "Coefficient of Distortion": [
    [
      -1.6268147011616236,
      0.026019345541740527,
      -0.00010009657040753148,
      1.3740452234373422e-05,
      2.4695436475019247e-05
    ]
  ],
  "Rotation Vectors": [
    [
      [
        -0.00026841322371869055
      ],
      [
        0.00015378146096613324
      ],
      [
        2.2303052091820272e-08
      ]
    ],
    [
      [
        -0.00026841304397695495
      ],
      [
        0.00015378198210147623
      ],
      [
        2.230308041888878e-08
      ]
    ],
    [
      [
        -0.0002684133075953715
      ],
      [
        0.00015378267723112506
      ],
      [
        2.2303124690183387e-08
      ]
    ]
  ],
  "Transformation Vectors": [
    [
      [
        -87.8773220695583
      ],
      [
        -57.81919629670766
      ],
      [
        756890.0931605733
      ]
    ],
    [
      [
        -87.87732206955084
      ],
      [
        -57.81919629670705
      ],
      [
        756890.0931605957
      ]
    ],
    [
      [
        -87.87732206953879
      ],
      [
        -57.8191962966985
      ],
      [
        756890.0931605927
      ]
    ]
  ]
}