{
    "6": {
        "Color_Confidences": {
            "red": 0,
            "pink": 0,
            "orange": 0,
            "yellow": 0,
            "dark_green": 26,
            "light_green": 0,
            "purple": 0,
            "dark_blue": 0,
            "light_blue": 0
        },
        "Hue_Scores": [
            56.87479178008727,
            55.142101581626704,
            56.79211172180165,
            62.37909581843392
        ],
        "Y_Values": [
            341,
            301,
            261,
            221
        ],
        "Translation_Vectors": [
            [
                -14.8,
                107.6
            ],
            [
                6.6,
                102.8
            ],
            [
                20.5,
                97.6
            ],
            [
                39.7,
                104.3
            ]
        ],
        "Dir": -1
    },
    "1": {
        "Color_Confidences": {
            "red": 181,
            "pink": 0,
            "orange": 0,
            "yellow": 0,
            "dark_green": 0,
            "light_green": 0,
            "purple": 0,
            "dark_blue": 0,
            "light_blue": 0
        },
        "Hue_Scores": [
            117.31344150338563,
            122.23091902846613,
            121.31088727164308
        ],
        "Y_Values": [
            221,
            181,
            141
        ],
        "Translation_Vectors": [
            [
                -18.1,
                47.4
            ],
            [
                -3.3,
                50.9
            ],
            [
                13.7,
                51.8
            ]
        ],
        "Dir": -1
    },
    "13": {
        "Color_Confidences": {
            "red": 0,
            "pink": 0,
            "orange": 0,
            "yellow": 0,
            "dark_green": 0,
            "light_green": 0,
            "purple": 0,
            "dark_blue": 0,
            "light_blue": 0
        },
        "Hue_Scores": [
            148.76162888768678,
            154.03842015884902,
            156.26342236028307
        ],
        "Y_Values": [
            61,
            -80,
            -120
        ],
        "Translation_Vectors": [
            [
                -26.9,
                179.4
            ],
            [
                47.4,
                194.2
            ],
            [
                69.5,
                188.1
            ]
        ],
        "Dir": -1
    },
    "4": {
        "Color_Confidences": {
            "red": 228,
            "pink": 17,
            "orange": 0,
            "yellow": 0,
            "dark_green": 0,
            "light_green": 0,
            "purple": 0,
            "dark_blue": 0,
            "light_blue": 0
        },
        "Hue_Scores": [
            122.28870298932281,
            122.62970364080846,
            121.4854331568317
        ],
        "Y_Values": [
            -80,
            -120,
            -160
        ],
        "Translation_Vectors": [
            [
                -8.1,
                58.0
            ],
            [
                9.4,
                60.1
            ],
            [
                27.3,
                61.4
            ]
        ],
        "Dir": -1
    },
    "5": {
        "Color_Confidences": {
            "red": 0,
            "pink": 0,
            "orange": 0,
            "yellow": 0,
            "dark_green": 0,
            "light_green": 0,
            "purple": 0,
            "dark_blue": 2254,
            "light_blue": 100
        },
        "Hue_Scores": [
            30.564891192707666,
            18.487225533508873,
            20.073655707069133,
            16.332394642915617,
            16.26880417465504,
            16.664011669717016
        ],
        "Y_Values": [
            -341,
            -301,
            -261,
            -221,
            -181,
            -141
        ],
        "Translation_Vectors": [
            [
                -39.7,
                115.0
            ],
            [
                -26.1,
                116.6
            ],
            [
                -6.3,
                116.7
            ],
            [
                10.2,
                116.6
            ],
            [
                27.7,
                118.1
            ],
            [
                48.7,
                118.2
            ]
        ],
        "Dir": 1
    },
    "3": {
        "Color_Confidences": {
            "red": 0,
            "pink": 0,
            "orange": 0,
            "yellow": 0,
            "dark_green": 608,
            "light_green": 23,
            "purple": 0,
            "dark_blue": 0,
            "light_blue": 0
        },
        "Hue_Scores": [
            71.70278995874986,
            61.3568333053165,
            52.897756909519785,
            49.79726154943917
        ],
        "Y_Values": [
            -181,
            -141,
            -101,
            -61
        ],
        "Translation_Vectors": [
            [
                -30.8,
                60.9
            ],
            [
                -13.5,
                61.1
            ],
            [
                5.8,
                60.6
            ],
            [
                26.7,
                57.3
            ]
        ],
        "Dir": 1
    },
    "2": {
        "Color_Confidences": {
            "red": 0,
            "pink": 0,
            "orange": 0,
            "yellow": 0,
            "dark_green": 0,
            "light_green": 0,
            "purple": 0,
            "dark_blue": 1107,
            "light_blue": 533
        },
        "Hue_Scores": [
            49.04108419203652,
            18.87276024527691,
            16.54182484457967,
            17.953303427411264
        ],
        "Y_Values": [
            160,
            200,
            240,
            280
        ],
        "Translation_Vectors": [
            [
                -25.5,
                48.9
            ],
            [
                -10.7,
                46.2
            ],
            [
                6.7,
                42.4
            ],
            [
                20.0,
                44.8
            ]
        ],
        "Dir": 1
    }
}