{
    "17": {
        "Color_Confidences": {
            "red": 0,
            "pink": 0,
            "orange": 0,
            "yellow": 0,
            "dark_green": 0,
            "light_green": 0,
            "purple": 0,
            "dark_blue": 0,
            "light_blue": 0
        },
        "Hue_Scores": [
            63.24366840122972,
            60.61509176014703,
            61.53874241230712,
            78.70059987806471,
            64.82637787061432
        ],
        "Y_Values": [
            341,
            301,
            261,
            221,
            221
        ],
        "Translation_Vectors": [
            [
                -9.2,
                112.5
            ],
            [
                7.0,
                109.5
            ],
            [
                21.7,
                104.8
            ],
            [
                43.2,
                103.5
            ],
            [
                44.7,
                105.1
            ]
        ],
        "Dir": -1
    },
    "1": {
        "Color_Confidences": {
            "red": 0,
            "pink": 2,
            "orange": 0,
            "yellow": 0,
            "dark_green": 0,
            "light_green": 0,
            "purple": 0,
            "dark_blue": 0,
            "light_blue": 0
        },
        "Hue_Scores": [
            129.85538079325366,
            127.45927932762635,
            126.5313887309271
        ],
        "Y_Values": [
            221,
            181,
            141
        ],
        "Translation_Vectors": [
            [
                -18.1,
                41.6
            ],
            [
                -3.2,
                37.7
            ],
            [
                12.8,
                36.4
            ]
        ],
        "Dir": -1
    },
    "20": {
        "Color_Confidences": {
            "red": 0,
            "pink": 677,
            "orange": 0,
            "yellow": 0,
            "dark_green": 0,
            "light_green": 0,
            "purple": 0,
            "dark_blue": 0,
            "light_blue": 0
        },
        "Hue_Scores": [
            130.89710919659538,
            136.0925360770807,
            128.19044197510235
        ],
        "Y_Values": [
            -80,
            -120,
            -160
        ],
        "Translation_Vectors": [
            [
                -14.8,
                42.4
            ],
            [
                0.5,
                42.8
            ],
            [
                16.9,
                43.7
            ]
        ],
        "Dir": -1
    },
    "13": {
        "Color_Confidences": {
            "red": 0,
            "pink": 0,
            "orange": 0,
            "yellow": 0,
            "dark_green": 0,
            "light_green": 0,
            "purple": 881,
            "dark_blue": 0,
            "light_blue": 27
        },
        "Hue_Scores": [
            151.75558870008345,
            164.73210675067307,
            160.6204822734107,
            168.07830359392537,
            167.95349623039723,
            131.97367619734152
        ],
        "Y_Values": [
            -341,
            -301,
            -261,
            -221,
            -181,
            -141
        ],
        "Translation_Vectors": [
            [
                -27.6,
                143.1
            ],
            [
                -10.6,
                144.1
            ],
            [
                7.6,
                143.3
            ],
            [
                26.0,
                145.8
            ],
            [
                41.8,
                139.5
            ],
            [
                70.6,
                147.2
            ]
        ],
        "Dir": 1
    },
    "9": {
        "Color_Confidences": {
            "red": 0,
            "pink": 0,
            "orange": 0,
            "yellow": 0,
            "dark_green": 0,
            "light_green": 0,
            "purple": 0,
            "dark_blue": 0,
            "light_blue": 0
        },
        "Hue_Scores": [
            63.368101710904334,
            61.07194992164783,
            59.84560596439657,
            61.8043147491894
        ],
        "Y_Values": [
            -221,
            -181,
            -141,
            -101
        ],
        "Translation_Vectors": [
            [
                -33.3,
                74.7
            ],
            [
                -11.0,
                67.4
            ],
            [
                3.1,
                69.5
            ],
            [
                21.4,
                68.1
            ]
        ],
        "Dir": 1
    },
    "7": {
        "Color_Confidences": {
            "red": 0,
            "pink": 0,
            "orange": 0,
            "yellow": 0,
            "dark_green": 0,
            "light_green": 0,
            "purple": 2125,
            "dark_blue": 0,
            "light_blue": 87
        },
        "Hue_Scores": [
            168.30379703478985,
            161.46748414213278,
            140.93529115640666,
            143.74375895965596,
            151.5468848607241,
            141.91947286837674,
            159.98477095640015,
            168.4925723432675
        ],
        "Y_Values": [
            80,
            120,
            120,
            160,
            160,
            200,
            200,
            240
        ],
        "Translation_Vectors": [
            [
                -36.0,
                77.7
            ],
            [
                -15.3,
                78.7
            ],
            [
                -26.2,
                71.4
            ],
            [
                -9.5,
                74.3
            ],
            [
                -4.3,
                74.6
            ],
            [
                12.4,
                78.1
            ],
            [
                13.4,
                76.3
            ],
            [
                30.3,
                79.1
            ]
        ],
        "Dir": 1
    }
}