{
    "3": {
        "Color_Confidences": {
            "red": 0,
            "pink": 0,
            "orange": 0,
            "yellow": 0,
            "dark_green": 0,
            "light_green": 0,
            "purple": 0,
            "dark_blue": 0,
            "light_blue": 1428
        },
        "Hue_Scores": [
            19.6888994593994,
            18.131941389104963,
            19.629585046219535,
            23.528102503912365
        ],
        "Y_Values": [
            341,
            301,
            261,
            221
        ],
        "Translation_Vectors": [
            [
                -8.7,
                118.2
            ],
            [
                8.0,
                118.0
            ],
            [
                29.3,
                117.6
            ],
            [
                45.1,
                120.8
            ]
        ],
        "Dir": -1
    },
    "17": {
        "Color_Confidences": {
            "red": 1190,
            "pink": 122,
            "orange": 0,
            "yellow": 0,
            "dark_green": 0,
            "light_green": 0,
            "purple": 0,
            "dark_blue": 0,
            "light_blue": 0
        },
        "Hue_Scores": [
            121.99683971614905,
            125.03316411395127,
            124.65595001448422,
            124.0160131105612
        ],
        "Y_Values": [
            261,
            221,
            181,
            141
        ],
        "Translation_Vectors": [
            [
                -39.5,
                90.3
            ],
            [
                -21.8,
                87.3
            ],
            [
                -3.0,
                85.8
            ],
            [
                18.3,
                84.0
            ]
        ],
        "Dir": -1
    },
    "4": {
        "Color_Confidences": {
            "red": 0,
            "pink": 296,
            "orange": 0,
            "yellow": 0,
            "dark_green": 0,
            "light_green": 0,
            "purple": 0,
            "dark_blue": 0,
            "light_blue": 0
        },
        "Hue_Scores": [
            136.76794840383866,
            137.14241287563206,
            130.41482390424525
        ],
        "Y_Values": [
            -120,
            -160,
            -200
        ],
        "Translation_Vectors": [
            [
                -13.4,
                56.0
            ],
            [
                0.8,
                58.2
            ],
            [
                16.8,
                58.4
            ]
        ],
        "Dir": -1
    },
    "13": {
        "Color_Confidences": {
            "red": 0,
            "pink": 0,
            "orange": 0,
            "yellow": 0,
            "dark_green": 0,
            "light_green": 0,
            "purple": 0,
            "dark_blue": 0,
            "light_blue": 0
        },
        "Hue_Scores": [
            110.31392823336063,
            110.01066636448691,
            111.93838103374627,
            110.53521201695426,
            111.50476241597929
        ],
        "Y_Values": [
            -341,
            -301,
            -261,
            -221,
            -181
        ],
        "Translation_Vectors": [
            [
                -14.2,
                154.0
            ],
            [
                4.8,
                151.3
            ],
            [
                22.7,
                151.6
            ],
            [
                39.9,
                151.2
            ],
            [
                60.5,
                155.9
            ]
        ],
        "Dir": 1
    },
    "9": {
        "Color_Confidences": {
            "red": 0,
            "pink": 0,
            "orange": 0,
            "yellow": 0,
            "dark_green": 0,
            "light_green": 0,
            "purple": 0,
            "dark_blue": 0,
            "light_blue": 0
        },
        "Hue_Scores": [
            92.76444445891477,
            92.63650568045097,
            93.52917760113591
        ],
        "Y_Values": [
            -261,
            -221,
            -141
        ],
        "Translation_Vectors": [
            [
                -44.9,
                149.5
            ],
            [
                -26.1,
                147.0
            ],
            [
                5.5,
                139.8
            ]
        ],
        "Dir": 1
    },
    "22": {
        "Color_Confidences": {
            "red": 0,
            "pink": 0,
            "orange": 0,
            "yellow": 0,
            "dark_green": 0,
            "light_green": 0,
            "purple": 0,
            "dark_blue": 0,
            "light_blue": 485
        },
        "Hue_Scores": [
            149.52227882776796,
            164.80440374001282,
            165.82459344459772,
            142.0676188466332
        ],
        "Y_Values": [
            -21,
            80,
            120,
            160
        ],
        "Translation_Vectors": [
            [
                -37.0,
                74.5
            ],
            [
                -1.4,
                67.1
            ],
            [
                17.2,
                65.1
            ],
            [
                29.5,
                66.3
            ]
        ],
        "Dir": 1
    }
}