{
    "3": {
        "Color_Confidences": {
            "red": 0,
            "pink": 0,
            "orange": 0,
            "yellow": 0,
            "dark_green": 0,
            "light_green": 0,
            "purple": 0,
            "dark_blue": 0,
            "light_blue": 1168
        },
        "Hue_Scores": [
            17.961910184589954,
            19.39784093591408,
            25.692304358276232
        ],
        "Y_Values": [
            341,
            301,
            261
        ],
        "Translation_Vectors": [
            [
                1.5458954874107895,
                -13.533823673148513
            ],
            [
                19.33104754856142,
                -12.345705553476677
            ],
            [
                37.186188587326185,
                -11.47778543782312
            ]
        ]
    },
    "17": {
        "Color_Confidences": {
            "red": 615,
            "pink": 58,
            "orange": 0,
            "yellow": 0,
            "dark_green": 0,
            "light_green": 0,
            "purple": 0,
            "dark_blue": 0,
            "light_blue": 0
        },
        "Hue_Scores": [
            125.19400833531931,
            125.05229416664791,
            124.76121593651995,
            124.26900962453398,
            113.00474723826544
        ],
        "Y_Values": [
            261,
            221,
            181,
            141,
            -200
        ],
        "Translation_Vectors": [
            [
                -26.28762738003801,
                -7.411946759617129
            ],
            [
                -10.167914791833908,
                -6.827531885026047
            ],
            [
                22.958103052279757,
                -7.971786056696538
            ],
            [
                39.22306453036562,
                -7.819540688467767
            ],
            [
                -41.36937241406833,
                26.4011080951983
            ]
        ]
    },
    "4": {
        "Color_Confidences": {
            "red": 0,
            "pink": 2053,
            "orange": 0,
            "yellow": 0,
            "dark_green": 0,
            "light_green": 0,
            "purple": 0,
            "dark_blue": 0,
            "light_blue": 0
        },
        "Hue_Scores": [
            135.92471883336532,
            135.7537560478737,
            135.24396983404907
        ],
        "Y_Values": [
            -40,
            -80,
            -120
        ],
        "Translation_Vectors": [
            [
                -14.572699493283679,
                -5.043611171384651
            ],
            [
                0.9323791440775481,
                -4.485696885950548
            ],
            [
                16.035974275393905,
                -3.3570184382668904
            ]
        ]
    },
    "13": {
        "Color_Confidences": {
            "red": 9,
            "pink": 0,
            "orange": 700,
            "yellow": 0,
            "dark_green": 0,
            "light_green": 0,
            "purple": 0,
            "dark_blue": 0,
            "light_blue": 0
        },
        "Hue_Scores": [
            111.55219490556702,
            112.44160278345983,
            112.56879990129897,
            112.50852138599873,
            111.70207916409042
        ],
        "Y_Values": [
            -341,
            -261,
            -221,
            -181,
            -101
        ],
        "Translation_Vectors": [
            [
                -46.70851883375112,
                -18.268001759166538
            ],
            [
                -11.259048499750874,
                -18.920279863839777
            ],
            [
                4.9780999382761655,
                -16.308330253886563
            ],
            [
                21.014973209199926,
                -16.6409580277862
            ],
            [
                53.08911249228772,
                -15.930828769603965
            ]
        ]
    },
    "9": {
        "Color_Confidences": {
            "red": 0,
            "pink": 0,
            "orange": 0,
            "yellow": 0,
            "dark_green": 0,
            "light_green": 0,
            "purple": 0,
            "dark_blue": 0,
            "light_blue": 0
        },
        "Hue_Scores": [
            101.54380480838243,
            98.85275878630354,
            99.8531766574713,
            99.24945237917727,
            96.057458493969
        ],
        "Y_Values": [
            -101,
            -61,
            -21,
            40,
            80
        ],
        "Translation_Vectors": [
            [
                -11.08372375160424,
                -15.554566603770484
            ],
            [
                4.795180513048948,
                -15.969950967888945
            ],
            [
                19.600814889846905,
                -16.389816431432322
            ],
            [
                42.90354409932017,
                -17.04173975077207
            ],
            [
                60.85427343285099,
                -17.43691044387623
            ]
        ]
    },
    "22": {
        "Color_Confidences": {
            "red": 0,
            "pink": 0,
            "orange": 0,
            "yellow": 0,
            "dark_green": 0,
            "light_green": 0,
            "purple": 1652,
            "dark_blue": 0,
            "light_blue": 0
        },
        "Hue_Scores": [
            147.66173779194492,
            152.1157377874278,
            163.51303000883576,
            134.3269535529001
        ],
        "Y_Values": [
            120,
            160,
            200,
            240
        ],
        "Translation_Vectors": [
            [
                -20.454947109577166,
                -4.190580429826286
            ],
            [
                -5.143369412604595,
                -4.254488840465771
            ],
            [
                11.253518433921816,
                -3.2799520477869413
            ],
            [
                27.356541043103213,
                -2.761623709851292
            ]
        ]
    }
}