{
    "3": {
        "Color_Confidences": {
            "red": 0,
            "pink": 0,
            "orange": 0,
            "yellow": 0,
            "dark_green": 0,
            "light_green": 0,
            "purple": 0,
            "dark_blue": 0,
            "light_blue": 2029
        },
        "Hue_Scores": [
            20.648985458550335,
            16.3217422972777,
            17.370580272421677,
            14.926985224792595
        ],
        "Y_Values": [
            341,
            301,
            261,
            221
        ],
        "Translation_Vectors": [
            [
                1.346394815974252,
                112.37051296116408
            ],
            [
                23.028244344071243,
                114.98023595732539
            ],
            [
                44.29001935823193,
                126.80705044116402
            ],
            [
                58.46576726359406,
                129.5405262332392
            ]
        ]
    },
    "17": {
        "Color_Confidences": {
            "red": 1143,
            "pink": 90,
            "orange": 423,
            "yellow": 0,
            "dark_green": 0,
            "light_green": 0,
            "purple": 0,
            "dark_blue": 0,
            "light_blue": 0
        },
        "Hue_Scores": [
            119.496347452246,
            119.7767617728132,
            121.03816327893246,
            119.60611227326132,
            119.81662639240879,
            119.86857206079799,
            120.73046724522936
        ],
        "Y_Values": [
            301,
            261,
            221,
            181,
            141,
            101,
            61
        ],
        "Translation_Vectors": [
            [
                -42.77269739752819,
                88.16821645512867
            ],
            [
                -23.812996927711897,
                92.00225581194232
            ],
            [
                -8.210894369674516,
                99.04872972398034
            ],
            [
                4.874562509159582,
                100.9041013211553
            ],
            [
                21.483137155035784,
                103.74317300516427
            ],
            [
                40.297836801158674,
                113.25639534529176
            ],
            [
                55.2575645786715,
                114.75543682941128
            ]
        ]
    },
    "4": {
        "Color_Confidences": {
            "red": 0,
            "pink": 0,
            "orange": 0,
            "yellow": 0,
            "dark_green": 0,
            "light_green": 0,
            "purple": 0,
            "dark_blue": 0,
            "light_blue": 0
        },
        "Hue_Scores": [
            141.78856275395648,
            144.24234421120929,
            152.09456720485753,
            153.39341955940546,
            143.65292778472835
        ],
        "Y_Values": [
            -40,
            -80,
            -120,
            -160,
            -200
        ],
        "Translation_Vectors": [
            [
                -40.94450318727212,
                84.97377926928702
            ],
            [
                -27.175014754946908,
                81.53257503078206
            ],
            [
                -8.867690923357946,
                81.31361771741153
            ],
            [
                7.546479039158254,
                83.89445315780696
            ],
            [
                27.811156276140174,
                79.56082297748755
            ]
        ]
    },
    "37": {
        "Color_Confidences": {
            "red": 0,
            "pink": 0,
            "orange": 0,
            "yellow": 0,
            "dark_green": 0,
            "light_green": 0,
            "purple": 53,
            "dark_blue": 0,
            "light_blue": 11
        },
        "Hue_Scores": [
            15.534066003126547
        ],
        "Y_Values": [
            -200
        ],
        "Translation_Vectors": [
            [
                -62.44976147522701,
                126.96049020374937
            ]
        ]
    },
    "13": {
        "Color_Confidences": {
            "red": 0,
            "pink": 0,
            "orange": 29,
            "yellow": 0,
            "dark_green": 0,
            "light_green": 0,
            "purple": 0,
            "dark_blue": 0,
            "light_blue": 0
        },
        "Hue_Scores": [
            113.31218952892497,
            113.40543514784946,
            111.24961586343805
        ],
        "Y_Values": [
            -341,
            -301,
            -261
        ],
        "Translation_Vectors": [
            [
                -1.9454628328932155,
                93.46283968030212
            ],
            [
                20.07094543693379,
                97.85001736674121
            ],
            [
                40.936034456775374,
                100.28921658976995
            ]
        ]
    },
    "9": {
        "Color_Confidences": {
            "red": 0,
            "pink": 0,
            "orange": 0,
            "yellow": 139,
            "dark_green": 0,
            "light_green": 0,
            "purple": 0,
            "dark_blue": 0,
            "light_blue": 0
        },
        "Hue_Scores": [
            93.35376632770877,
            93.09640587822129,
            93.83597528360337
        ],
        "Y_Values": [
            -221,
            -181,
            -141
        ],
        "Translation_Vectors": [
            [
                -2.9854151781188274,
                98.65535250861689
            ],
            [
                14.635738519660906,
                97.11758513342276
            ],
            [
                35.23168996193336,
                101.27685953687144
            ]
        ]
    },
    "22": {
        "Color_Confidences": {
            "red": 0,
            "pink": 0,
            "orange": 0,
            "yellow": 0,
            "dark_green": 0,
            "light_green": 0,
            "purple": 21,
            "dark_blue": 0,
            "light_blue": 174
        },
        "Hue_Scores": [
            149.199047236941,
            39.295829428303655
        ],
        "Y_Values": [
            -21,
            40
        ],
        "Translation_Vectors": [
            [
                -15.856673851766123,
                39.13699920424886
            ],
            [
                4.420347919976308,
                44.79441243917716
            ]
        ]
    }
}