{
    "20": {
        "Color_Confidences": {
            "red": 6,
            "pink": 521,
            "orange": 20,
            "yellow": 0,
            "dark_green": 0,
            "light_green": 0,
            "purple": 0,
            "dark_blue": 0,
            "light_blue": 2
        },
        "Y_Values": [
            61,
            41,
            21,
            1,
            -19,
            -39,
            -59,
            -79,
            -99,
            -119
        ],
        "Translation_Vectors": [
            [
                0.4025699469626054,
                -1.8084413300424016
            ],
            [
                0.3623585814859541,
                -1.1244839377404698
            ],
            [
                0.1874771704040661,
                -0.3068961261744575
            ],
            [
                0.06600737952046878,
                -0.05036227335300143
            ],
            [
                0.10360637979056979,
                0.16315966960753348
            ],
            [
                0.20652725800770058,
                0.20528176063289072
            ],
            [
                0.4621863661085558,
                0.3367572737048493
            ],
            [
                1.1442021358333578,
                0.43403714585655423
            ],
            [
                2.2579781401129697,
                0.5203726638254336
            ],
            [
                3.4773601060958295,
                0.5367283830081466
            ]
        ]
    },
    "17": {
        "Color_Confidences": {
            "red": 0,
            "pink": 0,
            "orange": 0,
            "yellow": 0,
            "dark_green": 0,
            "light_green": 0,
            "purple": 0,
            "dark_blue": 0,
            "light_blue": 0
        },
        "Y_Values": [
            -219,
            -119,
            -99,
            -79,
            21,
            41,
            61,
            81,
            101,
            121,
            181,
            361
        ],
        "Translation_Vectors": [
            [
                -1.4012234990052186,
                -0.016215743532182907
            ],
            [
                0.7571913546079941,
                -1.3013616790743336
            ],
            [
                2.0865506627389334,
                -1.2623781134242023
            ],
            [
                3.76002476362974,
                -1.902447048158493
            ],
            [
                4.324763686547721,
                -2.3273420693311735
            ],
            [
                4.8829771526446555,
                -2.3713527284774525
            ],
            [
                5.241138191631217,
                -2.586588274768089
            ],
            [
                5.26298852110724,
                -2.892440204805042
            ],
            [
                5.691678509500118,
                -3.119328465458378
            ],
            [
                5.74305096383694,
                -3.321472482324061
            ],
            [
                6.534515645328484,
                -3.728062324168559
            ],
            [
                4.4340377257726855,
                -1.8594337812776764
            ]
        ]
    },
    "13": {
        "Color_Confidences": {
            "red": 1,
            "pink": 0,
            "orange": 36,
            "yellow": 0,
            "dark_green": 0,
            "light_green": 0,
            "purple": 273,
            "dark_blue": 0,
            "light_blue": 86
        },
        "Y_Values": [
            1,
            21,
            41,
            61,
            81,
            101,
            121,
            141,
            161,
            181,
            201,
            221,
            241,
            261,
            281,
            301,
            321,
            341,
            361
        ],
        "Translation_Vectors": [
            [
                -2.452610599494099,
                0.5234534993571355
            ],
            [
                -2.1568586951758837,
                0.21762068777304272
            ],
            [
                -1.6146945098761607,
                0.09199808172385707
            ],
            [
                -1.225778777487021,
                -0.14289647361564697
            ],
            [
                -1.1582438831275659,
                -0.3658755177793615
            ],
            [
                -0.9663515304192528,
                -0.4915654320816476
            ],
            [
                -0.9574766468472761,
                -0.6528356688220229
            ],
            [
                -0.762131650279824,
                -0.7924526974329467
            ],
            [
                -0.7345032846719184,
                -0.9344095254903231
            ],
            [
                -0.34474684107337256,
                -1.1375912651254632
            ],
            [
                0.16733838843852408,
                -1.6299424539604224
            ],
            [
                0.3005571548595855,
                -1.7649438185447424
            ],
            [
                0.7925931244528974,
                -1.846459941456354
            ],
            [
                0.8977948652936575,
                -1.843702535018505
            ],
            [
                1.039733120174995,
                -1.7577847301990805
            ],
            [
                0.8437115750475194,
                -1.6519711120999874
            ],
            [
                0.060303342531533126,
                -1.2438805808007176
            ],
            [
                -0.7758272076209279,
                -0.8467357015396426
            ],
            [
                -2.1277644133739613,
                0.3952708138432748
            ]
        ]
    }
}